{"cameraMode":{"drawMode":0,"name":"Shaded","section":"Shading Mode"},"sceneLighting":true,"audioPlay":false,"sceneViewState":{"showFog":true,"showMaterialUpdate":false,"showSkybox":true,"showFlares":true,"showImageEffects":true,"showParticleSystems":true},"in2DMode":false,"pivot":{"x":0.19074195623397828,"y":0.2650430202484131,"z":0.12646925449371339},"rotation":{"x":0.4691351652145386,"y":0.5287857055664063,"z":-0.46688610315322878,"w":0.5313334465026856},"size":2.18682599067688,"orthographic":false}